entity_id,state,last_changed
sensor.van_central_gray_water_segment_data,"149,155,161,170,184,192,194,115,79",2024-11-15T22:00:00.000Z
sensor.van_central_gray_water_segment_data,"149,156,161,170,184,193,195,115,75",2024-11-15T22:00:02.252Z
sensor.van_central_gray_water_segment_data,"149,155,161,170,184,192,194,115,79",2024-11-15T22:00:17.248Z
sensor.van_central_gray_water_segment_data,"149,156,161,170,184,192,194,115,79",2024-11-15T22:00:32.251Z
sensor.van_central_gray_water_segment_data,"149,156,161,171,184,192,194,115,79",2024-11-15T22:00:47.248Z
sensor.van_central_gray_water_segment_data,"149,156,161,170,185,193,195,115,75",2024-11-15T22:01:02.250Z
sensor.van_central_gray_water_segment_data,"149,155,161,170,184,192,194,115,79",2024-11-15T22:01:17.247Z
sensor.van_central_gray_water_segment_data,"149,156,161,170,184,192,195,115,75",2024-11-15T22:01:32.247Z
sensor.van_central_gray_water_segment_data,"149,156,161,171,184,193,194,115,79",2024-11-15T22:01:47.246Z
sensor.van_central_gray_water_segment_data,"149,156,161,170,184,192,195,115,75",2024-11-15T22:02:02.247Z
sensor.van_central_gray_water_segment_data,"149,156,161,170,184,192,194,115,79",2024-11-15T22:02:17.249Z
sensor.van_central_gray_water_segment_data,"149,156,161,170,184,192,195,115,75",2024-11-15T22:02:32.252Z
sensor.van_central_gray_water_segment_data,"149,156,161,171,184,193,194,115,79",2024-11-15T22:02:47.246Z
sensor.van_central_gray_water_segment_data,"149,156,161,170,184,192,195,115,75",2024-11-15T22:03:02.252Z
sensor.van_central_gray_water_segment_data,"149,156,161,170,184,193,195,115,75",2024-11-15T22:03:17.245Z
sensor.van_central_gray_water_segment_data,"149,156,161,171,184,193,194,116,79",2024-11-15T22:03:47.245Z
sensor.van_central_gray_water_segment_data,"150,156,162,170,185,193,195,116,75",2024-11-15T22:04:02.245Z
sensor.van_central_gray_water_segment_data,"149,156,161,171,184,193,194,116,79",2024-11-15T22:04:17.245Z
sensor.van_central_gray_water_segment_data,"149,156,161,170,184,193,195,116,75",2024-11-15T22:04:32.248Z
sensor.van_central_gray_water_segment_data,"149,156,161,171,184,192,194,116,79",2024-11-15T22:04:47.245Z
sensor.van_central_gray_water_segment_data,"149,156,161,171,184,193,194,116,79",2024-11-15T22:05:02.248Z
sensor.van_central_gray_water_segment_data,"149,155,161,170,184,192,194,115,79",2024-11-15T22:05:17.244Z
sensor.van_central_gray_water_segment_data,"149,156,161,170,184,192,195,115,75",2024-11-15T22:05:32.248Z
sensor.van_central_gray_water_segment_data,"149,155,161,170,184,192,194,115,79",2024-11-15T22:05:47.244Z
sensor.van_central_gray_water_segment_data,"149,156,161,170,184,193,194,116,79",2024-11-15T22:06:17.244Z
sensor.van_central_gray_water_segment_data,"149,156,162,171,184,193,194,116,79",2024-11-15T22:06:47.243Z
sensor.van_central_gray_water_segment_data,"149,156,161,170,184,193,195,116,75",2024-11-15T22:07:02.246Z
sensor.van_central_gray_water_segment_data,"149,156,162,171,184,193,194,116,79",2024-11-15T22:07:17.243Z
sensor.van_central_gray_water_segment_data,"150,157,162,170,185,193,195,116,75",2024-11-15T22:07:32.246Z
sensor.van_central_gray_water_segment_data,"149,155,161,170,184,192,194,116,79",2024-11-15T22:07:47.243Z
sensor.van_central_gray_water_segment_data,"152,158,164,173,187,195,195,106,78",2024-11-15T22:08:02.246Z
sensor.van_central_gray_water_segment_data,"146,153,159,166,180,188,190,109,71",2024-11-15T22:08:17.243Z
sensor.van_central_gray_water_segment_data,"145,152,158,167,180,188,190,112,76",2024-11-15T22:08:32.246Z
sensor.van_central_gray_water_segment_data,"146,153,159,167,180,188,191,116,74",2024-11-15T22:08:47.242Z
sensor.van_central_gray_water_segment_data,"145,152,158,166,180,188,191,118,74",2024-11-15T22:09:02.242Z
sensor.van_central_gray_water_segment_data,"145,153,159,166,180,188,191,121,75",2024-11-15T22:09:17.242Z
sensor.van_central_gray_water_segment_data,"146,153,159,167,180,188,192,120,75",2024-11-15T22:09:32.242Z
sensor.van_central_gray_water_segment_data,"146,153,159,167,181,190,192,120,75",2024-11-15T22:09:47.242Z
sensor.van_central_gray_water_segment_data,"145,152,159,167,180,188,190,120,79",2024-11-15T22:10:02.245Z
sensor.van_central_gray_water_segment_data,"149,156,161,171,184,193,194,124,82",2024-11-15T22:10:17.243Z
sensor.van_central_gray_water_segment_data,"145,152,159,167,180,188,190,120,79",2024-11-15T22:10:32.245Z
sensor.van_central_gray_water_segment_data,"151,157,163,172,186,194,196,130,84",2024-11-15T22:10:47.241Z
sensor.van_central_gray_water_segment_data,"155,160,167,176,191,199,203,146,91",2024-11-15T22:11:02.246Z
sensor.van_central_gray_water_segment_data,"157,163,169,177,193,201,207,164,96",2024-11-15T22:11:17.242Z
sensor.van_central_gray_water_segment_data,"157,163,169,177,192,201,207,176,105",2024-11-15T22:11:32.244Z
sensor.van_central_gray_water_segment_data,"158,164,170,178,193,203,209,185,115",2024-11-15T22:11:47.241Z
sensor.van_central_gray_water_segment_data,"156,161,168,177,192,200,207,189,132",2024-11-15T22:12:02.244Z
sensor.van_central_gray_water_segment_data,"160,167,173,182,197,207,213,198,154",2024-11-15T22:12:17.241Z
sensor.van_central_gray_water_segment_data,"160,167,174,182,197,207,215,200,171",2024-11-15T22:12:32.244Z
sensor.van_central_gray_water_segment_data,"158,164,171,180,195,205,212,199,181",2024-11-15T22:12:47.241Z
sensor.van_central_gray_water_segment_data,"162,169,175,183,200,210,218,205,194",2024-11-15T22:13:02.244Z
sensor.van_central_gray_water_segment_data,"159,165,171,180,195,206,213,201,195",2024-11-15T22:13:17.241Z
sensor.van_central_gray_water_segment_data,"154,160,166,175,191,200,208,196,191",2024-11-15T22:13:32.244Z
sensor.van_central_gray_water_segment_data,"153,160,166,174,189,200,208,196,191",2024-11-15T22:13:47.240Z
sensor.van_central_gray_water_segment_data,"154,160,166,174,189,200,208,196,191",2024-11-15T22:14:02.240Z
sensor.van_central_gray_water_segment_data,"154,160,167,175,191,200,208,196,192",2024-11-15T22:14:17.240Z
sensor.van_central_gray_water_segment_data,"154,160,166,175,191,200,208,196,192",2024-11-15T22:14:32.246Z
sensor.van_central_gray_water_segment_data,"154,159,166,175,189,200,207,196,195",2024-11-15T22:14:47.245Z
sensor.van_central_gray_water_segment_data,"154,160,167,175,191,200,208,196,192",2024-11-15T22:15:02.245Z
sensor.van_central_gray_water_segment_data,"154,160,167,176,191,200,208,198,195",2024-11-15T22:15:17.246Z
sensor.van_central_gray_water_segment_data,"154,160,167,176,191,200,207,196,195",2024-11-15T22:15:47.245Z
sensor.van_central_gray_water_segment_data,"154,160,167,175,191,200,208,196,192",2024-11-15T22:16:02.253Z
sensor.van_central_gray_water_segment_data,"154,160,167,176,191,200,208,198,195",2024-11-15T22:16:17.245Z
sensor.van_central_gray_water_segment_data,"154,160,167,175,191,200,208,196,192",2024-11-15T22:16:32.245Z
sensor.van_central_gray_water_segment_data,"154,160,167,176,191,200,207,196,195",2024-11-15T22:16:47.245Z
sensor.van_central_gray_water_segment_data,"155,160,167,176,191,200,208,198,195",2024-11-15T22:17:02.245Z
sensor.van_central_gray_water_segment_data,"154,160,167,176,191,200,207,196,195",2024-11-15T22:17:17.244Z
sensor.van_central_gray_water_segment_data,"155,161,167,175,191,200,208,198,192",2024-11-15T22:17:32.248Z
sensor.van_central_gray_water_segment_data,"155,161,167,176,191,201,209,198,192",2024-11-15T22:17:47.245Z
sensor.van_central_gray_water_segment_data,"154,161,167,175,191,200,208,198,192",2024-11-15T22:18:02.245Z
sensor.van_central_gray_water_segment_data,"154,160,167,176,191,200,207,198,195",2024-11-15T22:18:17.244Z
sensor.van_central_gray_water_segment_data,"154,160,167,176,191,200,207,196,195",2024-11-15T22:18:32.247Z
sensor.van_central_gray_water_segment_data,"154,161,167,175,191,200,208,198,192",2024-11-15T22:18:47.244Z
sensor.van_central_gray_water_segment_data,"154,160,167,176,191,200,208,198,195",2024-11-15T22:19:02.238Z
sensor.van_central_gray_water_segment_data,"154,160,167,176,191,200,207,196,195",2024-11-15T22:19:17.243Z
sensor.van_central_gray_water_segment_data,"155,161,167,175,191,200,208,198,192",2024-11-15T22:19:32.247Z
sensor.van_central_gray_water_segment_data,"154,160,167,176,191,200,208,198,195",2024-11-15T22:19:47.244Z
sensor.van_central_gray_water_segment_data,"155,161,167,175,191,201,209,198,192",2024-11-15T22:20:32.246Z
sensor.van_central_gray_water_segment_data,"154,160,167,176,191,200,208,198,195",2024-11-15T22:20:47.243Z
sensor.van_central_gray_water_segment_data,"154,160,167,176,191,200,207,198,195",2024-11-15T22:21:02.250Z
sensor.van_central_gray_water_segment_data,"154,160,167,176,191,200,208,198,195",2024-11-15T22:21:17.243Z
sensor.van_central_gray_water_segment_data,"154,161,167,175,191,200,208,198,192",2024-11-15T22:21:32.243Z
sensor.van_central_gray_water_segment_data,"154,160,167,176,191,200,207,196,195",2024-11-15T22:21:47.246Z
sensor.van_central_gray_water_segment_data,"154,160,167,176,191,200,208,198,195",2024-11-15T22:22:02.244Z
sensor.van_central_gray_water_segment_data,"155,161,167,176,191,201,209,198,192",2024-11-15T22:22:32.245Z
sensor.van_central_gray_water_segment_data,"154,160,167,175,191,200,208,196,192",2024-11-15T22:22:47.243Z
sensor.van_central_gray_water_segment_data,"154,161,167,175,191,200,208,196,192",2024-11-15T22:23:02.243Z
sensor.van_central_gray_water_segment_data,"154,160,167,176,191,200,207,196,195",2024-11-15T22:23:17.243Z
sensor.van_central_gray_water_segment_data,"154,160,167,175,191,200,208,196,192",2024-11-15T22:23:32.245Z
sensor.van_central_gray_water_segment_data,"154,160,167,176,191,200,208,198,195",2024-11-15T22:23:47.242Z
sensor.van_central_gray_water_segment_data,"154,160,167,176,191,200,207,196,195",2024-11-15T22:24:02.243Z
sensor.van_central_gray_water_segment_data,"154,161,167,175,191,200,208,196,192",2024-11-15T22:24:47.242Z
sensor.van_central_gray_water_segment_data,"154,160,167,176,191,200,207,196,195",2024-11-15T22:25:02.246Z
sensor.van_central_gray_water_segment_data,"154,160,167,176,191,201,208,198,195",2024-11-15T22:25:17.242Z
sensor.van_central_gray_water_segment_data,"154,160,167,175,191,200,208,196,192",2024-11-15T22:25:32.245Z
sensor.van_central_gray_water_segment_data,"154,160,167,176,191,200,208,198,195",2024-11-15T22:25:47.241Z
sensor.van_central_gray_water_segment_data,"155,161,167,175,191,200,208,198,192",2024-11-15T22:26:02.243Z
sensor.van_central_gray_water_segment_data,"154,160,167,176,191,200,208,198,195",2024-11-15T22:26:17.243Z
sensor.van_central_gray_water_segment_data,"154,160,167,176,191,200,207,196,195",2024-11-15T22:26:32.245Z
sensor.van_central_gray_water_segment_data,"154,160,167,176,191,200,208,198,195",2024-11-15T22:27:02.242Z
sensor.van_central_gray_water_segment_data,"154,160,167,176,191,200,207,196,195",2024-11-15T22:27:17.244Z
sensor.van_central_gray_water_segment_data,"154,160,167,176,191,200,207,198,195",2024-11-15T22:27:32.244Z
sensor.van_central_gray_water_segment_data,"154,161,167,175,191,200,208,198,192",2024-11-15T22:27:47.242Z
sensor.van_central_gray_water_segment_data,"155,161,167,175,191,200,208,198,192",2024-11-15T22:28:02.242Z
sensor.van_central_gray_water_segment_data,"154,160,167,175,191,200,208,196,192",2024-11-15T22:28:17.242Z
sensor.van_central_gray_water_segment_data,"154,161,167,175,191,200,208,198,192",2024-11-15T22:28:32.241Z
sensor.van_central_gray_water_segment_data,"154,160,167,175,191,200,208,196,192",2024-11-15T22:28:47.247Z
sensor.van_central_gray_water_segment_data,"155,161,167,176,191,201,209,198,192",2024-11-15T22:29:02.241Z
sensor.van_central_gray_water_segment_data,"154,160,167,176,191,200,208,198,195",2024-11-15T22:29:17.245Z
sensor.van_central_gray_water_segment_data,"155,161,167,176,191,201,209,198,192",2024-11-15T22:29:32.241Z
sensor.van_central_gray_water_segment_data,"155,161,167,175,191,200,209,198,192",2024-11-15T22:29:47.242Z
sensor.van_central_gray_water_segment_data,"154,160,167,175,191,200,208,196,192",2024-11-15T22:30:02.241Z
sensor.van_central_gray_water_segment_data,"154,161,167,175,191,200,208,198,192",2024-11-15T22:30:32.239Z
sensor.van_central_gray_water_segment_data,"154,160,167,175,191,200,208,196,192",2024-11-15T22:30:47.235Z
sensor.van_central_gray_water_segment_data,"154,159,166,175,191,200,207,196,195",2024-11-15T22:31:02.235Z
sensor.van_central_gray_water_segment_data,"154,160,167,175,191,200,208,196,192",2024-11-15T22:31:17.235Z
sensor.van_central_gray_water_segment_data,"154,159,166,175,189,200,207,196,195",2024-11-15T22:31:32.239Z
sensor.van_central_gray_water_segment_data,"154,159,166,175,189,200,207,196,194",2024-11-15T22:31:47.236Z
sensor.van_central_gray_water_segment_data,"154,160,166,174,189,200,208,196,191",2024-11-15T22:32:02.236Z
sensor.van_central_gray_water_segment_data,unavailable,2024-11-15T22:32:29.953Z
sensor.van_central_gray_water_segment_data,"162,168,175,184,200,211,218,207,205",2024-11-15T22:33:00.188Z
sensor.van_central_gray_water_segment_data,"154,161,167,175,191,200,209,198,192",2024-11-15T22:33:13.557Z
sensor.van_central_gray_water_segment_data,"155,161,167,176,191,201,209,198,192",2024-11-15T22:33:28.556Z
sensor.van_central_gray_water_segment_data,"155,161,168,176,192,201,208,198,196",2024-11-15T22:33:43.559Z
sensor.van_central_gray_water_segment_data,"155,160,167,176,191,201,208,198,195",2024-11-15T22:33:58.626Z
sensor.van_central_gray_water_segment_data,"155,161,167,176,191,201,209,198,192",2024-11-15T22:34:13.556Z
sensor.van_central_gray_water_segment_data,"155,161,168,176,192,201,208,198,196",2024-11-15T22:34:28.557Z
sensor.van_central_gray_water_segment_data,"155,160,167,176,191,201,208,198,196",2024-11-15T22:34:43.556Z
sensor.van_central_gray_water_segment_data,"154,161,167,175,191,200,208,198,192",2024-11-15T22:34:58.557Z
sensor.van_central_gray_water_segment_data,"155,160,167,176,191,201,208,198,196",2024-11-15T22:35:13.557Z
sensor.van_central_gray_water_segment_data,"155,161,167,176,192,201,209,198,194",2024-11-15T22:35:28.560Z
sensor.van_central_gray_water_segment_data,"155,160,167,176,191,201,208,198,195",2024-11-15T22:35:43.555Z
sensor.van_central_gray_water_segment_data,"155,161,167,176,191,201,209,198,192",2024-11-15T22:35:58.559Z
sensor.van_central_gray_water_segment_data,"154,160,167,176,191,201,208,198,195",2024-11-15T22:36:13.558Z
sensor.van_central_gray_water_segment_data,"155,161,167,176,191,201,209,198,194",2024-11-15T22:36:28.557Z
sensor.van_central_gray_water_segment_data,"155,161,167,176,191,201,209,198,192",2024-11-15T22:36:43.558Z
sensor.van_central_gray_water_segment_data,"155,161,168,176,192,201,208,198,196",2024-11-15T22:36:58.557Z
sensor.van_central_gray_water_segment_data,"154,160,167,176,191,200,208,198,195",2024-11-15T22:37:13.562Z
sensor.van_central_gray_water_segment_data,"154,161,167,175,191,200,208,198,194",2024-11-15T22:37:28.564Z
sensor.van_central_gray_water_segment_data,"154,160,167,176,191,200,207,198,196",2024-11-15T22:37:43.562Z
sensor.van_central_gray_water_segment_data,"154,160,166,175,191,200,208,198,195",2024-11-15T22:37:58.562Z
sensor.van_central_gray_water_segment_data,"153,159,166,175,191,200,208,198,198",2024-11-15T22:38:13.562Z
sensor.van_central_gray_water_segment_data,"158,164,171,179,195,206,215,204,201",2024-11-15T22:38:28.563Z
sensor.van_central_gray_water_segment_data,"156,161,168,178,193,204,211,201,201",2024-11-15T22:38:43.562Z
sensor.van_central_gray_water_segment_data,"157,164,170,179,195,205,215,204,201",2024-11-15T22:38:58.564Z
sensor.van_central_gray_water_segment_data,"157,163,169,178,194,205,213,203,200",2024-11-15T22:39:13.563Z
sensor.van_central_gray_water_segment_data,"160,165,172,181,197,207,216,207,207",2024-11-15T22:39:28.564Z
sensor.van_central_gray_water_segment_data,"157,163,170,179,195,205,213,203,204",2024-11-15T22:39:43.562Z
sensor.van_central_gray_water_segment_data,"157,163,169,178,194,204,212,201,199",2024-11-15T22:39:58.564Z
sensor.van_central_gray_water_segment_data,"160,167,173,182,199,209,217,207,204",2024-11-15T22:40:13.563Z
sensor.van_central_gray_water_segment_data,"154,160,166,176,191,200,208,199,198",2024-11-15T22:40:43.562Z
sensor.van_central_gray_water_segment_data,"155,160,167,176,191,201,208,199,199",2024-11-15T22:40:58.563Z
sensor.van_central_gray_water_segment_data,"155,160,167,176,192,201,209,199,199",2024-11-15T22:41:13.563Z
sensor.van_central_gray_water_segment_data,"154,160,166,175,191,200,209,199,196",2024-11-15T22:41:28.564Z
sensor.van_central_gray_water_segment_data,"154,160,166,174,191,200,209,199,195",2024-11-15T22:41:58.564Z
sensor.van_central_gray_water_segment_data,"154,160,166,175,191,200,209,199,196",2024-11-15T22:42:13.563Z
sensor.van_central_gray_water_segment_data,"154,160,167,176,192,201,209,200,199",2024-11-15T22:42:28.564Z
sensor.van_central_gray_water_segment_data,"154,160,166,175,191,201,209,199,196",2024-11-15T22:42:43.565Z
sensor.van_central_gray_water_segment_data,"154,160,167,175,191,201,209,199,196",2024-11-15T22:42:58.564Z
sensor.van_central_gray_water_segment_data,"153,159,165,174,189,199,208,196,194",2024-11-15T22:43:13.563Z
sensor.van_central_gray_water_segment_data,"152,159,165,174,188,198,205,195,195",2024-11-15T22:43:28.564Z
sensor.van_central_gray_water_segment_data,"151,159,164,173,187,197,205,194,189",2024-11-15T22:43:43.566Z
sensor.van_central_gray_water_segment_data,"151,159,164,172,187,197,204,192,185",2024-11-15T22:43:58.568Z
sensor.van_central_gray_water_segment_data,"151,158,163,172,186,195,203,191,182",2024-11-15T22:44:13.563Z
sensor.van_central_gray_water_segment_data,"151,158,163,171,186,195,203,190,172",2024-11-15T22:44:28.564Z
sensor.van_central_gray_water_segment_data,"150,158,163,171,186,194,201,189,163",2024-11-15T22:44:43.563Z
sensor.van_central_gray_water_segment_data,"149,156,162,170,184,193,199,186,155",2024-11-15T22:44:58.564Z
sensor.van_central_gray_water_segment_data,"149,156,162,171,184,193,199,185,145",2024-11-15T22:45:13.565Z
sensor.van_central_gray_water_segment_data,"149,156,161,169,184,193,199,182,132",2024-11-15T22:45:28.564Z
sensor.van_central_gray_water_segment_data,"148,154,160,169,181,191,196,177,119",2024-11-15T22:45:43.565Z
sensor.van_central_gray_water_segment_data,"147,154,160,167,181,190,196,174,110",2024-11-15T22:45:58.564Z
sensor.van_central_gray_water_segment_data,"146,153,159,167,180,188,194,165,100",2024-11-15T22:46:13.568Z
sensor.van_central_gray_water_segment_data,"145,153,159,166,180,188,194,161,93",2024-11-15T22:46:28.564Z
sensor.van_central_gray_water_segment_data,"144,151,157,165,178,187,191,151,85",2024-11-15T22:46:43.563Z
sensor.van_central_gray_water_segment_data,"143,150,156,165,177,186,188,139,84",2024-11-15T22:46:58.571Z
sensor.van_central_gray_water_segment_data,"143,149,156,164,177,185,187,128,80",2024-11-15T22:47:13.563Z
sensor.van_central_gray_water_segment_data,"142,149,155,161,176,184,186,116,71",2024-11-15T22:47:28.565Z
sensor.van_central_gray_water_segment_data,"141,148,154,160,175,182,185,104,67",2024-11-15T22:47:43.563Z
sensor.van_central_gray_water_segment_data,"141,146,153,160,173,181,181,93,69",2024-11-15T22:47:58.564Z
sensor.van_central_gray_water_segment_data,"140,146,152,159,172,180,178,82,66",2024-11-15T22:48:13.563Z
sensor.van_central_gray_water_segment_data,"139,146,151,157,171,179,177,71,58",2024-11-15T22:48:28.564Z
sensor.van_central_gray_water_segment_data,"139,145,151,158,170,178,170,61,61",2024-11-15T22:48:43.563Z
sensor.van_central_gray_water_segment_data,"139,146,150,156,170,176,166,54,53",2024-11-15T22:48:58.564Z
sensor.van_central_gray_water_segment_data,"138,145,150,157,169,176,158,48,57",2024-11-15T22:49:13.563Z
sensor.van_central_gray_water_segment_data,"138,144,149,156,169,175,151,43,56",2024-11-15T22:49:28.564Z
sensor.van_central_gray_water_segment_data,"137,144,149,156,168,174,141,39,55",2024-11-15T22:49:43.568Z
sensor.van_central_gray_water_segment_data,"137,143,148,156,168,173,132,35,53",2024-11-15T22:49:58.589Z
sensor.van_central_gray_water_segment_data,"136,142,148,155,168,172,122,33,52",2024-11-15T22:50:13.563Z
sensor.van_central_gray_water_segment_data,"136,143,147,153,167,170,113,30,46",2024-11-15T22:50:28.567Z
sensor.van_central_gray_water_segment_data,"135,141,146,154,165,169,101,28,51",2024-11-15T22:50:43.565Z
sensor.van_central_gray_water_segment_data,"135,142,146,152,165,167,92,25,43",2024-11-15T22:50:58.564Z
sensor.van_central_gray_water_segment_data,"134,141,145,152,164,164,81,24,42",2024-11-15T22:51:13.564Z
sensor.van_central_gray_water_segment_data,"133,141,145,151,163,162,71,21,40",2024-11-15T22:51:28.565Z
sensor.van_central_gray_water_segment_data,"133,139,144,151,162,158,59,20,47",2024-11-15T22:51:43.562Z
sensor.van_central_gray_water_segment_data,"133,139,143,151,162,154,53,19,46",2024-11-15T22:51:58.567Z
sensor.van_central_gray_water_segment_data,"132,138,143,150,161,148,46,17,44",2024-11-15T22:52:13.563Z
sensor.van_central_gray_water_segment_data,"132,139,142,149,160,142,44,15,38",2024-11-15T22:52:28.564Z
sensor.van_central_gray_water_segment_data,"131,139,142,148,159,133,40,14,36",2024-11-15T22:52:43.561Z
sensor.van_central_gray_water_segment_data,"131,138,142,148,157,126,37,14,36",2024-11-15T22:52:58.563Z
sensor.van_central_gray_water_segment_data,"131,137,141,149,156,117,31,12,43",2024-11-15T22:53:13.562Z
sensor.van_central_gray_water_segment_data,"131,138,141,147,156,107,32,12,35",2024-11-15T22:53:28.564Z
sensor.van_central_gray_water_segment_data,"130,137,141,148,155,99,25,12,42",2024-11-15T22:53:43.561Z
sensor.van_central_gray_water_segment_data,"130,138,140,146,154,89,27,11,35",2024-11-15T22:53:58.565Z
sensor.van_central_gray_water_segment_data,"130,137,140,146,153,81,25,11,35",2024-11-15T22:54:13.562Z
sensor.van_central_gray_water_segment_data,"130,137,140,146,152,71,24,11,34",2024-11-15T22:54:28.563Z
sensor.van_central_gray_water_segment_data,"130,136,139,147,149,63,17,9,40",2024-11-15T22:54:43.562Z
sensor.van_central_gray_water_segment_data,"129,136,139,145,147,56,20,9,34",2024-11-15T22:54:58.563Z
sensor.van_central_gray_water_segment_data,"129,135,139,146,143,48,14,9,40",2024-11-15T22:55:13.562Z
sensor.van_central_gray_water_segment_data,"129,136,138,144,139,44,19,9,33",2024-11-15T22:55:28.562Z
sensor.van_central_gray_water_segment_data,"129,136,138,143,132,38,17,7,33",2024-11-15T22:55:43.562Z
sensor.van_central_gray_water_segment_data,"129,135,138,144,127,34,11,7,39",2024-11-15T22:55:58.564Z
sensor.van_central_gray_water_segment_data,"129,136,138,142,120,32,16,7,31",2024-11-15T22:56:13.562Z
sensor.van_central_gray_water_segment_data,"128,135,137,141,112,28,16,7,31",2024-11-15T22:56:28.564Z
sensor.van_central_gray_water_segment_data,"128,135,137,140,105,26,14,7,31",2024-11-15T22:56:43.562Z
sensor.van_central_gray_water_segment_data,"128,134,137,141,97,25,8,6,38",2024-11-15T22:56:58.563Z
sensor.van_central_gray_water_segment_data,"128,135,137,141,90,23,8,7,38",2024-11-15T22:57:13.564Z
sensor.van_central_gray_water_segment_data,"129,136,137,139,83,21,12,7,31",2024-11-15T22:57:28.563Z
sensor.van_central_gray_water_segment_data,"129,136,137,138,76,20,12,7,31",2024-11-15T22:57:43.567Z
sensor.van_central_gray_water_segment_data,"129,136,137,138,71,19,12,7,31",2024-11-15T22:57:58.561Z
sensor.van_central_gray_water_segment_data,"129,135,137,139,65,17,6,7,39",2024-11-15T22:58:13.562Z
sensor.van_central_gray_water_segment_data,"130,135,137,138,59,17,6,6,39",2024-11-15T22:58:28.565Z
sensor.van_central_gray_water_segment_data,"130,136,137,137,54,16,6,7,39",2024-11-15T22:58:43.562Z
sensor.van_central_gray_water_segment_data,"130,136,137,135,49,15,6,6,39",2024-11-15T22:58:58.563Z
sensor.van_central_gray_water_segment_data,"131,137,137,132,45,15,12,7,33",2024-11-15T22:59:13.566Z
sensor.van_central_gray_water_segment_data,"131,137,137,130,42,13,12,7,33",2024-11-15T22:59:28.562Z
sensor.van_central_gray_water_segment_data,"131,138,137,128,39,13,12,7,33",2024-11-15T22:59:43.565Z
sensor.van_central_gray_water_segment_data,"132,138,137,125,37,13,11,7,33",2024-11-15T22:59:58.563Z
sensor.van_central_gray_water_segment_data,"132,139,137,123,34,13,12,7,33",2024-11-15T23:00:13.562Z
sensor.van_central_gray_water_segment_data,"133,139,137,119,32,12,11,7,33",2024-11-15T23:00:28.563Z
sensor.van_central_gray_water_segment_data,"133,139,137,117,31,12,6,7,40",2024-11-15T23:00:43.561Z
sensor.van_central_gray_water_segment_data,"133,139,137,113,29,12,4,7,40",2024-11-15T23:00:58.562Z
sensor.van_central_gray_water_segment_data,"134,139,137,110,27,12,4,7,40",2024-11-15T23:01:13.562Z
sensor.van_central_gray_water_segment_data,"134,140,137,105,26,11,11,7,34",2024-11-15T23:01:28.562Z
sensor.van_central_gray_water_segment_data,"134,140,137,102,25,11,11,7,34",2024-11-15T23:01:43.561Z
sensor.van_central_gray_water_segment_data,"135,140,137,99,24,11,4,7,40",2024-11-15T23:01:58.563Z
sensor.van_central_gray_water_segment_data,"135,140,137,97,24,11,6,7,42",2024-11-15T23:02:13.562Z
sensor.van_central_gray_water_segment_data,"136,142,137,92,23,11,12,7,35",2024-11-15T23:02:28.562Z
sensor.van_central_gray_water_segment_data,"136,141,137,90,23,11,6,9,43",2024-11-15T23:02:43.561Z
sensor.van_central_gray_water_segment_data,"136,141,137,87,22,11,6,9,43",2024-11-15T23:02:58.562Z
sensor.van_central_gray_water_segment_data,"137,142,137,83,22,11,12,9,36",2024-11-15T23:03:13.561Z
sensor.van_central_gray_water_segment_data,"138,143,137,82,22,11,12,9,36",2024-11-15T23:03:28.562Z
sensor.van_central_gray_water_segment_data,"138,143,137,79,21,11,12,9,36",2024-11-15T23:03:43.560Z
sensor.van_central_gray_water_segment_data,"137,143,136,74,19,11,12,9,36",2024-11-15T23:03:58.562Z
sensor.van_central_gray_water_segment_data,"138,142,136,73,19,11,6,9,43",2024-11-15T23:04:13.561Z
sensor.van_central_gray_water_segment_data,"138,143,135,69,18,11,12,9,36",2024-11-15T23:04:28.562Z
sensor.van_central_gray_water_segment_data,"137,141,135,66,17,11,6,9,43",2024-11-15T23:04:43.560Z
sensor.van_central_gray_water_segment_data,"137,142,134,62,17,9,12,9,36",2024-11-15T23:04:58.564Z
sensor.van_central_gray_water_segment_data,"137,141,134,61,17,9,6,9,43",2024-11-15T23:05:13.560Z
sensor.van_central_gray_water_segment_data,"137,141,133,58,16,9,4,7,43",2024-11-15T23:05:28.562Z
sensor.van_central_gray_water_segment_data,"137,142,133,55,16,9,12,9,36",2024-11-15T23:05:43.561Z
sensor.van_central_gray_water_segment_data,"138,141,132,54,16,9,4,9,43",2024-11-15T23:05:58.560Z
sensor.van_central_gray_water_segment_data,"137,141,131,51,15,9,11,7,35",2024-11-15T23:06:13.561Z
sensor.van_central_gray_water_segment_data,"137,141,130,49,15,9,11,7,35",2024-11-15T23:06:28.564Z
sensor.van_central_gray_water_segment_data,"137,141,130,50,15,9,4,9,43",2024-11-15T23:06:43.562Z
sensor.van_central_gray_water_segment_data,"136,140,129,49,14,9,4,7,42",2024-11-15T23:06:58.563Z
sensor.van_central_gray_water_segment_data,"136,141,128,46,14,9,11,7,35",2024-11-15T23:07:13.562Z
sensor.van_central_gray_water_segment_data,"136,140,128,45,14,9,11,7,35",2024-11-15T23:07:28.566Z
sensor.van_central_gray_water_segment_data,"137,141,128,45,14,9,11,9,36",2024-11-15T23:07:43.563Z
sensor.van_central_gray_water_segment_data,"137,140,128,46,14,9,4,7,43",2024-11-15T23:07:58.562Z
sensor.van_central_gray_water_segment_data,"136,140,127,44,14,9,11,7,35",2024-11-15T23:08:13.564Z
sensor.van_central_gray_water_segment_data,"137,141,127,44,14,9,11,9,36",2024-11-15T23:08:28.563Z
sensor.van_central_gray_water_segment_data,"137,141,127,43,14,9,11,9,36",2024-11-15T23:08:43.564Z
sensor.van_central_gray_water_segment_data,"137,140,127,45,14,9,4,7,43",2024-11-15T23:08:58.566Z
sensor.van_central_gray_water_segment_data,"137,141,126,42,14,9,11,9,36",2024-11-15T23:09:13.564Z
sensor.van_central_gray_water_segment_data,"136,140,125,42,12,8,11,7,35",2024-11-15T23:09:28.565Z
sensor.van_central_gray_water_segment_data,"137,140,127,45,14,9,4,9,43",2024-11-15T23:09:43.564Z
sensor.van_central_gray_water_segment_data,"137,140,126,43,14,9,4,7,43",2024-11-15T23:09:58.572Z
sensor.van_central_gray_water_segment_data,"137,141,125,41,14,9,11,9,36",2024-11-15T23:10:13.565Z
sensor.van_central_gray_water_segment_data,"136,140,124,41,12,8,11,7,35",2024-11-15T23:10:28.564Z
sensor.van_central_gray_water_segment_data,"137,141,125,41,12,9,11,9,36",2024-11-15T23:10:43.565Z
sensor.van_central_gray_water_segment_data,"137,140,125,42,12,9,4,7,43",2024-11-15T23:10:58.564Z
sensor.van_central_fresh_water_segment_data,"202,220,149,43,17,12,14,20,64",2024-11-15T22:00:00.000Z
sensor.van_central_fresh_water_segment_data,"202,221,149,41,17,12,21,20,58",2024-11-15T22:00:00.819Z
sensor.van_central_fresh_water_segment_data,"202,220,149,43,17,12,14,20,64",2024-11-15T22:00:15.816Z
sensor.van_central_fresh_water_segment_data,"202,221,149,42,17,12,21,20,58",2024-11-15T22:01:00.816Z
sensor.van_central_fresh_water_segment_data,"202,220,149,43,17,12,14,20,64",2024-11-15T22:01:15.819Z
sensor.van_central_fresh_water_segment_data,"202,221,149,41,17,12,21,20,58",2024-11-15T22:01:30.815Z
sensor.van_central_fresh_water_segment_data,"202,220,149,43,17,12,14,20,64",2024-11-15T22:01:45.815Z
sensor.van_central_fresh_water_segment_data,"202,221,149,41,17,12,21,20,58",2024-11-15T22:03:30.817Z
sensor.van_central_fresh_water_segment_data,"202,220,149,43,17,12,14,20,64",2024-11-15T22:03:45.814Z
sensor.van_central_fresh_water_segment_data,"202,221,149,42,17,12,21,20,58",2024-11-15T22:04:15.813Z
sensor.van_central_fresh_water_segment_data,"202,220,149,43,17,12,14,20,64",2024-11-15T22:04:30.813Z
sensor.van_central_fresh_water_segment_data,"202,221,149,42,17,12,21,20,58",2024-11-15T22:06:45.814Z
sensor.van_central_fresh_water_segment_data,"202,220,149,43,17,12,14,20,64",2024-11-15T22:07:00.812Z
sensor.van_central_fresh_water_segment_data,"202,221,149,42,17,12,21,20,58",2024-11-15T22:07:30.814Z
sensor.van_central_fresh_water_segment_data,"202,221,147,40,17,12,20,20,57",2024-11-15T22:07:45.813Z
sensor.van_central_fresh_water_segment_data,"202,220,159,47,21,16,19,26,73",2024-11-15T22:08:00.811Z
sensor.van_central_fresh_water_segment_data,"202,222,158,47,22,17,27,28,69",2024-11-15T22:08:15.814Z
sensor.van_central_fresh_water_segment_data,"202,220,155,47,21,16,19,26,73",2024-11-15T22:08:30.811Z
sensor.van_central_fresh_water_segment_data,"202,222,156,45,22,16,27,26,69",2024-11-15T22:08:45.811Z
sensor.van_central_fresh_water_segment_data,"202,222,152,43,19,15,25,25,66",2024-11-15T22:09:00.813Z
sensor.van_central_fresh_water_segment_data,"202,222,150,43,19,15,25,25,66",2024-11-15T22:09:15.811Z
sensor.van_central_fresh_water_segment_data,"202,220,150,45,19,15,19,25,71",2024-11-15T22:09:30.810Z
sensor.van_central_fresh_water_segment_data,"202,220,149,44,19,15,19,25,71",2024-11-15T22:09:45.810Z
sensor.van_central_fresh_water_segment_data,"202,222,149,43,19,15,24,25,66",2024-11-15T22:10:00.810Z
sensor.van_central_fresh_water_segment_data,"202,220,146,44,21,16,19,26,73",2024-11-15T22:10:15.813Z
sensor.van_central_fresh_water_segment_data,"202,220,141,42,18,13,17,24,70",2024-11-15T22:10:30.810Z
sensor.van_central_fresh_water_segment_data,"202,222,135,38,18,13,24,24,65",2024-11-15T22:10:45.812Z
sensor.van_central_fresh_water_segment_data,"202,222,128,38,18,15,24,24,65",2024-11-15T22:11:00.812Z
sensor.van_central_fresh_water_segment_data,"202,221,119,34,16,12,23,23,62",2024-11-15T22:11:15.810Z
sensor.van_central_fresh_water_segment_data,"202,222,113,36,18,16,25,26,67",2024-11-15T22:11:30.812Z
sensor.van_central_fresh_water_segment_data,"202,222,104,33,18,15,25,25,67",2024-11-15T22:11:45.809Z
sensor.van_central_fresh_water_segment_data,"202,220,93,29,17,15,24,25,66",2024-11-15T22:12:00.809Z
sensor.van_central_fresh_water_segment_data,"202,217,85,26,16,13,23,24,65",2024-11-15T22:12:15.812Z
sensor.van_central_fresh_water_segment_data,"202,207,72,25,12,9,12,20,64",2024-11-15T22:12:30.811Z
sensor.van_central_fresh_water_segment_data,"202,203,65,19,11,9,19,20,58",2024-11-15T22:12:45.811Z
sensor.van_central_fresh_water_segment_data,"202,199,61,22,11,9,11,19,62",2024-11-15T22:13:00.811Z
sensor.van_central_fresh_water_segment_data,"202,194,56,17,10,8,17,19,56",2024-11-15T22:13:15.809Z
sensor.van_central_fresh_water_segment_data,"202,191,55,16,10,6,17,17,55",2024-11-15T22:13:30.811Z
sensor.van_central_fresh_water_segment_data,"202,190,54,16,8,6,17,17,55",2024-11-15T22:13:45.809Z
sensor.van_central_fresh_water_segment_data,"202,191,55,20,10,6,9,17,60",2024-11-15T22:14:00.811Z
sensor.van_central_fresh_water_segment_data,"202,191,54,17,10,6,17,17,55",2024-11-15T22:14:15.809Z
sensor.van_central_fresh_water_segment_data,"202,191,55,17,10,6,17,17,55",2024-11-15T22:14:30.806Z
sensor.van_central_fresh_water_segment_data,"202,191,54,16,10,6,17,17,55",2024-11-15T22:14:45.807Z
sensor.van_central_fresh_water_segment_data,"202,191,54,20,10,6,9,17,60",2024-11-15T22:15:00.803Z
sensor.van_central_fresh_water_segment_data,"202,191,54,15,10,6,17,17,55",2024-11-15T22:15:15.804Z
sensor.van_central_fresh_water_segment_data,"202,191,54,16,10,6,17,17,55",2024-11-15T22:15:31.084Z
sensor.van_central_fresh_water_segment_data,"202,190,54,15,10,6,17,17,55",2024-11-15T22:15:45.805Z
sensor.van_central_fresh_water_segment_data,"202,191,54,20,10,6,9,17,60",2024-11-15T22:16:00.803Z
sensor.van_central_fresh_water_segment_data,"202,190,54,16,8,6,17,17,55",2024-11-15T22:16:15.805Z
sensor.van_central_fresh_water_segment_data,"202,190,54,19,10,6,9,17,60",2024-11-15T22:16:30.802Z
sensor.van_central_fresh_water_segment_data,"202,190,54,19,10,6,11,17,60",2024-11-15T22:16:45.804Z
sensor.van_central_fresh_water_segment_data,"202,191,54,20,10,6,9,17,60",2024-11-15T22:17:00.802Z
sensor.van_central_fresh_water_segment_data,"202,191,54,16,10,6,17,17,55",2024-11-15T22:17:15.804Z
sensor.van_central_fresh_water_segment_data,"202,191,54,17,10,6,17,17,55",2024-11-15T22:17:30.803Z
sensor.van_central_fresh_water_segment_data,"202,190,54,19,10,6,9,17,60",2024-11-15T22:18:00.808Z
sensor.van_central_fresh_water_segment_data,"202,190,54,16,10,6,17,17,55",2024-11-15T22:18:15.803Z
sensor.van_central_fresh_water_segment_data,"202,191,54,16,10,6,17,17,55",2024-11-15T22:18:30.813Z
sensor.van_central_fresh_water_segment_data,"202,190,54,16,8,6,17,17,55",2024-11-15T22:18:45.804Z
sensor.van_central_fresh_water_segment_data,"202,191,54,16,10,6,17,17,55",2024-11-15T22:19:00.806Z
sensor.van_central_fresh_water_segment_data,"202,191,54,17,10,6,17,17,55",2024-11-15T22:19:30.805Z
sensor.van_central_fresh_water_segment_data,"202,190,54,19,10,6,9,17,60",2024-11-15T22:20:00.806Z
sensor.van_central_fresh_water_segment_data,"202,190,54,16,8,6,17,17,55",2024-11-15T22:20:15.803Z
sensor.van_central_fresh_water_segment_data,"202,190,54,19,10,6,9,17,60",2024-11-15T22:20:30.804Z
sensor.van_central_fresh_water_segment_data,"202,190,54,16,8,6,17,17,55",2024-11-15T22:20:45.804Z
sensor.van_central_fresh_water_segment_data,"202,190,54,19,10,6,9,17,60",2024-11-15T22:21:00.803Z
sensor.van_central_fresh_water_segment_data,"202,190,54,16,10,6,17,17,55",2024-11-15T22:21:15.804Z
sensor.van_central_fresh_water_segment_data,"202,190,54,20,10,6,9,17,60",2024-11-15T22:22:00.801Z
sensor.van_central_fresh_water_segment_data,"202,190,54,16,8,6,17,17,53",2024-11-15T22:22:15.802Z
sensor.van_central_fresh_water_segment_data,"202,190,54,15,8,6,17,17,53",2024-11-15T22:22:30.802Z
sensor.van_central_fresh_water_segment_data,"202,190,54,16,8,6,17,17,55",2024-11-15T22:22:45.803Z
sensor.van_central_fresh_water_segment_data,"202,190,54,15,8,6,17,17,55",2024-11-15T22:23:00.801Z
sensor.van_central_fresh_water_segment_data,"202,190,54,16,8,6,17,17,55",2024-11-15T22:23:15.803Z
sensor.van_central_fresh_water_segment_data,"202,190,54,16,10,6,17,17,55",2024-11-15T22:23:30.800Z
sensor.van_central_fresh_water_segment_data,"202,190,54,16,8,6,17,17,55",2024-11-15T22:23:45.800Z
sensor.van_central_fresh_water_segment_data,"202,189,54,15,8,6,17,17,53",2024-11-15T22:24:15.802Z
sensor.van_central_fresh_water_segment_data,"202,190,54,16,10,6,17,17,55",2024-11-15T22:24:30.800Z
sensor.van_central_fresh_water_segment_data,"202,190,54,16,8,6,17,17,55",2024-11-15T22:24:45.809Z
sensor.van_central_fresh_water_segment_data,"202,190,54,16,8,6,17,17,53",2024-11-15T22:25:00.801Z
sensor.van_central_fresh_water_segment_data,"202,190,54,16,10,6,17,17,55",2024-11-15T22:25:15.810Z
sensor.van_central_fresh_water_segment_data,"202,190,54,15,10,6,17,17,55",2024-11-15T22:25:30.802Z
sensor.van_central_fresh_water_segment_data,"202,190,54,16,8,6,17,17,55",2024-11-15T22:25:45.801Z
sensor.van_central_fresh_water_segment_data,"202,190,54,20,10,6,9,17,60",2024-11-15T22:26:00.801Z
sensor.van_central_fresh_water_segment_data,"202,190,54,16,8,6,17,17,55",2024-11-15T22:26:15.803Z
sensor.van_central_fresh_water_segment_data,"202,190,54,15,10,6,17,17,55",2024-11-15T22:26:30.801Z
sensor.van_central_fresh_water_segment_data,"202,190,54,19,10,6,9,17,60",2024-11-15T22:26:45.802Z
sensor.van_central_fresh_water_segment_data,"202,190,54,17,10,6,17,17,55",2024-11-15T22:27:15.803Z
sensor.van_central_fresh_water_segment_data,"202,190,54,16,8,6,17,17,55",2024-11-15T22:27:30.809Z
sensor.van_central_fresh_water_segment_data,"202,190,54,15,10,6,17,17,55",2024-11-15T22:27:45.805Z
sensor.van_central_fresh_water_segment_data,"202,190,54,19,10,6,9,17,60",2024-11-15T22:28:00.802Z
sensor.van_central_fresh_water_segment_data,"202,190,54,16,10,6,17,17,55",2024-11-15T22:28:15.807Z
sensor.van_central_fresh_water_segment_data,"202,190,54,16,8,6,17,17,53",2024-11-15T22:28:30.801Z
sensor.van_central_fresh_water_segment_data,"202,190,54,16,8,6,17,17,55",2024-11-15T22:28:45.801Z
sensor.van_central_fresh_water_segment_data,"202,190,54,19,10,6,9,17,60",2024-11-15T22:29:00.822Z
sensor.van_central_fresh_water_segment_data,"202,190,54,15,8,6,17,17,55",2024-11-15T22:29:15.801Z
sensor.van_central_fresh_water_segment_data,"202,190,54,16,8,6,17,17,55",2024-11-15T22:29:30.799Z
sensor.van_central_fresh_water_segment_data,"202,190,54,17,10,6,17,17,55",2024-11-15T22:30:30.806Z
sensor.van_central_fresh_water_segment_data,"202,190,54,16,8,6,17,17,55",2024-11-15T22:30:45.806Z
sensor.van_central_fresh_water_segment_data,"202,190,54,16,8,6,17,17,53",2024-11-15T22:31:45.804Z
sensor.van_central_fresh_water_segment_data,unavailable,2024-11-15T22:32:29.957Z
sensor.van_central_fresh_water_segment_data,"202,195,56,17,11,8,19,20,57",2024-11-15T22:33:00.181Z
sensor.van_central_fresh_water_segment_data,"202,192,55,20,10,8,9,19,61",2024-11-15T22:33:00.315Z
sensor.van_central_fresh_water_segment_data,"202,193,55,20,10,8,9,19,61",2024-11-15T22:33:30.309Z
sensor.van_central_fresh_water_segment_data,"202,192,55,20,10,8,9,19,61",2024-11-15T22:33:45.311Z
sensor.van_central_fresh_water_segment_data,"202,192,55,17,10,8,17,19,56",2024-11-15T22:34:00.311Z
sensor.van_central_fresh_water_segment_data,"202,192,55,20,10,8,9,19,61",2024-11-15T22:34:15.312Z
sensor.van_central_fresh_water_segment_data,"202,192,55,17,10,8,17,19,56",2024-11-15T22:35:00.312Z
sensor.van_central_fresh_water_segment_data,"202,192,55,20,10,8,9,19,61",2024-11-15T22:35:15.312Z
sensor.van_central_fresh_water_segment_data,"202,192,55,17,10,8,17,19,56",2024-11-15T22:35:30.312Z
sensor.van_central_fresh_water_segment_data,"202,192,55,20,10,8,11,19,61",2024-11-15T22:35:45.312Z
sensor.van_central_fresh_water_segment_data,"202,192,55,20,10,8,9,19,61",2024-11-15T22:36:00.312Z
sensor.van_central_fresh_water_segment_data,"202,193,55,20,10,8,9,19,61",2024-11-15T22:36:15.312Z
sensor.van_central_fresh_water_segment_data,"202,192,55,16,10,8,17,19,56",2024-11-15T22:36:30.313Z
sensor.van_central_fresh_water_segment_data,"202,192,55,20,10,8,9,19,61",2024-11-15T22:36:45.313Z
sensor.van_central_fresh_water_segment_data,"202,192,55,17,10,8,17,19,56",2024-11-15T22:37:00.312Z
sensor.van_central_fresh_water_segment_data,"202,190,54,19,8,6,8,15,57",2024-11-15T22:37:15.317Z
sensor.van_central_fresh_water_segment_data,"202,187,52,15,8,5,14,14,51",2024-11-15T22:37:30.317Z
sensor.van_central_fresh_water_segment_data,"202,189,52,16,11,8,19,19,56",2024-11-15T22:37:45.317Z
sensor.van_central_fresh_water_segment_data,"202,180,47,17,7,5,6,12,55",2024-11-15T22:38:00.320Z
sensor.van_central_fresh_water_segment_data,"202,172,42,15,6,4,4,12,53",2024-11-15T22:38:15.317Z
sensor.van_central_fresh_water_segment_data,"202,168,41,16,7,5,8,15,57",2024-11-15T22:38:30.322Z
sensor.van_central_fresh_water_segment_data,"202,159,37,14,5,4,6,12,53",2024-11-15T22:38:45.319Z
sensor.van_central_fresh_water_segment_data,"202,159,37,15,7,5,8,14,56",2024-11-15T22:39:00.318Z
sensor.van_central_fresh_water_segment_data,"202,150,35,13,5,2,4,11,52",2024-11-15T22:39:15.317Z
sensor.van_central_fresh_water_segment_data,"202,150,35,14,6,4,4,12,53",2024-11-15T22:39:30.319Z
sensor.van_central_fresh_water_segment_data,"202,143,32,12,5,2,3,11,51",2024-11-15T22:39:45.317Z
sensor.van_central_fresh_water_segment_data,"202,141,32,9,5,4,12,12,47",2024-11-15T22:40:00.320Z
sensor.van_central_fresh_water_segment_data,"202,133,29,11,3,2,3,9,49",2024-11-15T22:40:15.318Z
sensor.van_central_fresh_water_segment_data,"202,130,28,10,3,1,1,7,47",2024-11-15T22:40:30.318Z
sensor.van_central_fresh_water_segment_data,"202,128,27,7,2,1,9,7,42",2024-11-15T22:40:45.317Z
sensor.van_central_fresh_water_segment_data,"202,128,27,10,2,1,1,7,47",2024-11-15T22:41:00.317Z
sensor.van_central_fresh_water_segment_data,"202,126,26,6,2,1,9,7,40",2024-11-15T22:41:15.318Z
sensor.van_central_fresh_water_segment_data,"202,125,26,6,2,1,9,7,40",2024-11-15T22:41:30.317Z
sensor.van_central_fresh_water_segment_data,"202,125,26,10,2,1,1,7,47",2024-11-15T22:41:45.318Z
sensor.van_central_fresh_water_segment_data,"202,129,27,6,2,1,9,7,42",2024-11-15T22:42:00.319Z
sensor.van_central_fresh_water_segment_data,"202,127,27,6,2,1,9,7,40",2024-11-15T22:42:15.319Z
sensor.van_central_fresh_water_segment_data,"202,126,26,10,2,1,1,7,47",2024-11-15T22:42:30.318Z
sensor.van_central_fresh_water_segment_data,"202,126,26,6,2,1,9,7,40",2024-11-15T22:42:45.317Z
sensor.van_central_fresh_water_segment_data,"202,128,27,7,2,1,9,7,42",2024-11-15T22:43:00.317Z
sensor.van_central_fresh_water_segment_data,"202,127,27,6,2,1,9,7,42",2024-11-15T22:43:15.318Z
sensor.van_central_fresh_water_segment_data,"202,125,26,10,2,1,1,7,46",2024-11-15T22:43:30.323Z
sensor.van_central_fresh_water_segment_data,"202,124,26,10,2,1,1,7,46",2024-11-15T22:43:45.317Z
sensor.van_central_fresh_water_segment_data,"202,126,27,10,2,1,3,7,47",2024-11-15T22:44:00.318Z
sensor.van_central_fresh_water_segment_data,"202,126,26,5,2,1,9,7,40",2024-11-15T22:44:15.317Z
sensor.van_central_fresh_water_segment_data,"202,125,26,6,2,1,9,7,40",2024-11-15T22:44:30.318Z
sensor.van_central_fresh_water_segment_data,"202,124,26,10,2,1,1,7,46",2024-11-15T22:44:45.320Z
sensor.van_central_fresh_water_segment_data,"202,125,26,10,2,1,1,7,46",2024-11-15T22:45:00.318Z
sensor.van_central_fresh_water_segment_data,"202,126,26,10,2,1,1,7,46",2024-11-15T22:45:15.318Z
sensor.van_central_fresh_water_segment_data,"202,125,26,10,2,1,1,7,47",2024-11-15T22:45:30.320Z
sensor.van_central_fresh_water_segment_data,"202,125,26,10,2,1,3,7,47",2024-11-15T22:45:45.320Z
sensor.van_central_fresh_water_segment_data,"202,124,26,6,2,1,9,7,40",2024-11-15T22:46:00.318Z
sensor.van_central_fresh_water_segment_data,"202,126,26,6,2,1,9,7,40",2024-11-15T22:46:15.318Z
sensor.van_central_fresh_water_segment_data,"202,127,27,10,3,1,1,7,47",2024-11-15T22:46:30.318Z
sensor.van_central_fresh_water_segment_data,"202,119,24,5,2,0,9,7,39",2024-11-15T22:46:45.317Z
sensor.van_central_fresh_water_segment_data,"202,113,23,8,1,0,0,6,43",2024-11-15T22:47:00.319Z
sensor.van_central_fresh_water_segment_data,"202,111,22,5,1,0,8,6,38",2024-11-15T22:47:15.318Z
sensor.van_central_fresh_water_segment_data,"202,112,23,8,1,0,0,6,43",2024-11-15T22:47:30.318Z
sensor.van_central_fresh_water_segment_data,"202,112,23,9,1,0,0,6,43",2024-11-15T22:48:00.323Z
sensor.van_central_fresh_water_segment_data,"202,112,23,5,1,0,8,6,38",2024-11-15T22:48:15.317Z
sensor.van_central_fresh_water_segment_data,"201,104,20,7,1,0,0,4,42",2024-11-15T22:48:30.318Z
sensor.van_central_fresh_water_segment_data,"201,96,18,3,0,0,6,4,34",2024-11-15T22:48:45.318Z
sensor.van_central_fresh_water_segment_data,"201,92,17,2,0,0,6,3,33",2024-11-15T22:49:00.318Z
sensor.van_central_fresh_water_segment_data,"200,87,16,2,0,0,6,3,33",2024-11-15T22:49:15.317Z
sensor.van_central_fresh_water_segment_data,"198,82,15,6,0,0,0,3,36",2024-11-15T22:49:30.318Z
sensor.van_central_fresh_water_segment_data,"197,80,15,1,0,0,4,3,30",2024-11-15T22:49:45.316Z
sensor.van_central_fresh_water_segment_data,"195,76,14,5,0,0,0,1,35",2024-11-15T22:50:00.317Z
sensor.van_central_fresh_water_segment_data,"195,74,14,1,0,0,4,1,29",2024-11-15T22:50:15.318Z
sensor.van_central_fresh_water_segment_data,"194,71,13,5,0,0,0,1,34",2024-11-15T22:50:30.317Z
sensor.van_central_fresh_water_segment_data,"192,69,13,1,0,0,4,1,27",2024-11-15T22:50:45.317Z
sensor.van_central_fresh_water_segment_data,"191,67,12,4,0,0,0,0,33",2024-11-15T22:51:00.318Z
sensor.van_central_fresh_water_segment_data,"190,67,12,0,0,0,3,1,27",2024-11-15T22:51:15.317Z
sensor.van_central_fresh_water_segment_data,"189,65,12,4,0,0,0,0,33",2024-11-15T22:51:30.318Z
sensor.van_central_fresh_water_segment_data,"188,64,12,0,0,0,3,0,26",2024-11-15T22:51:45.318Z
sensor.van_central_fresh_water_segment_data,"187,63,12,4,0,0,0,0,31",2024-11-15T22:52:00.319Z
sensor.van_central_fresh_water_segment_data,"186,62,12,0,0,0,3,0,26",2024-11-15T22:52:15.317Z
sensor.van_central_fresh_water_segment_data,"185,61,12,4,0,0,0,0,31",2024-11-15T22:52:30.315Z
sensor.van_central_fresh_water_segment_data,"184,60,12,0,0,0,3,0,25",2024-11-15T22:52:45.317Z
sensor.van_central_fresh_water_segment_data,"183,59,11,3,0,0,0,0,30",2024-11-15T22:53:00.317Z
sensor.van_central_fresh_water_segment_data,"183,59,11,0,0,0,3,0,25",2024-11-15T22:53:15.317Z
sensor.van_central_fresh_water_segment_data,"182,58,11,3,0,0,0,0,30",2024-11-15T22:53:30.318Z
sensor.van_central_fresh_water_segment_data,"182,57,11,0,0,0,3,0,25",2024-11-15T22:53:45.317Z
sensor.van_central_fresh_water_segment_data,"180,57,11,0,0,0,3,0,24",2024-11-15T22:54:00.322Z
sensor.van_central_fresh_water_segment_data,"180,56,11,0,0,0,3,0,24",2024-11-15T22:54:15.317Z
sensor.van_central_fresh_water_segment_data,"179,55,11,3,0,0,0,0,29",2024-11-15T22:54:30.318Z
sensor.van_central_fresh_water_segment_data,"180,56,11,0,0,0,3,0,24",2024-11-15T22:54:45.318Z
sensor.van_central_fresh_water_segment_data,"178,55,11,3,0,0,0,0,29",2024-11-15T22:55:00.322Z
sensor.van_central_fresh_water_segment_data,"178,54,11,3,0,0,0,0,29",2024-11-15T22:55:15.319Z
sensor.van_central_fresh_water_segment_data,"178,54,10,0,0,0,3,0,24",2024-11-15T22:55:45.317Z
sensor.van_central_fresh_water_segment_data,"178,54,10,3,0,0,0,0,29",2024-11-15T22:56:30.318Z
sensor.van_central_fresh_water_segment_data,"177,54,10,0,0,0,3,0,22",2024-11-15T22:56:45.317Z
sensor.van_central_fresh_water_segment_data,"178,54,10,3,0,0,0,0,29",2024-11-15T22:57:00.316Z
sensor.van_central_fresh_water_segment_data,"192,71,13,1,0,0,4,1,27",2024-11-15T22:57:15.317Z
sensor.van_central_fresh_water_segment_data,"202,127,26,9,2,0,0,6,44",2024-11-15T22:57:30.316Z
sensor.van_central_fresh_water_segment_data,"202,165,39,10,5,4,12,11,46",2024-11-15T22:57:45.316Z
sensor.van_central_fresh_water_segment_data,"202,198,62,21,10,6,9,17,58",2024-11-15T22:58:00.317Z
sensor.van_central_fresh_water_segment_data,"202,216,107,29,15,11,21,21,60",2024-11-15T22:58:15.317Z
sensor.van_central_fresh_water_segment_data,"202,220,156,47,21,15,19,25,71",2024-11-15T22:58:30.317Z
sensor.van_central_fresh_water_segment_data,"202,222,200,64,26,19,28,29,71",2024-11-15T22:58:45.318Z
sensor.van_central_fresh_water_segment_data,"202,220,229,96,34,23,25,32,80",2024-11-15T22:59:00.316Z
sensor.van_central_fresh_water_segment_data,"202,220,230,151,47,27,28,34,83",2024-11-15T22:59:15.317Z
sensor.van_central_fresh_water_segment_data,"202,220,230,202,62,32,32,37,87",2024-11-15T22:59:30.317Z
sensor.van_central_fresh_water_segment_data,"202,222,230,242,84,39,41,39,84",2024-11-15T22:59:45.317Z
sensor.van_central_fresh_water_segment_data,"202,220,230,243,130,48,38,42,92",2024-11-15T23:00:00.316Z
sensor.van_central_fresh_water_segment_data,"202,222,230,242,197,64,49,45,89",2024-11-15T23:00:15.318Z
sensor.van_central_fresh_water_segment_data,"202,222,230,242,243,80,54,47,92",2024-11-15T23:00:30.316Z
sensor.van_central_fresh_water_segment_data,"202,222,230,242,243,112,62,51,96",2024-11-15T23:00:45.317Z
sensor.van_central_fresh_water_segment_data,"202,220,230,243,243,166,71,55,102",2024-11-15T23:01:00.319Z
sensor.van_central_fresh_water_segment_data,"202,220,230,243,243,228,89,59,106",2024-11-15T23:01:15.319Z
sensor.van_central_fresh_water_segment_data,"202,220,230,243,243,243,110,65,110",2024-11-15T23:01:30.316Z
sensor.van_central_fresh_water_segment_data,"202,222,230,242,243,243,152,74,111",2024-11-15T23:01:45.318Z
sensor.van_central_fresh_water_segment_data,"202,220,230,243,243,243,222,89,122",2024-11-15T23:02:00.316Z
sensor.van_central_fresh_water_segment_data,"202,222,230,242,243,243,243,104,124",2024-11-15T23:02:15.325Z
sensor.van_central_fresh_water_segment_data,"202,220,230,243,243,243,243,128,136",2024-11-15T23:02:30.316Z
sensor.van_central_fresh_water_segment_data,"202,222,230,242,243,243,243,182,145",2024-11-15T23:02:45.316Z
sensor.van_central_fresh_water_segment_data,"202,222,230,242,243,243,243,243,165",2024-11-15T23:03:00.316Z
sensor.van_central_fresh_water_segment_data,"202,222,230,242,243,243,243,243,198",2024-11-15T23:03:15.316Z
sensor.van_central_fresh_water_segment_data,"202,220,230,243,243,243,243,243,243",2024-11-15T23:03:30.316Z
sensor.van_central_fresh_water_segment_data,"202,222,230,242,243,243,243,243,243",2024-11-15T23:03:45.324Z
sensor.van_central_fresh_water_segment_data,"202,220,230,243,243,243,243,243,243",2024-11-15T23:04:00.318Z
sensor.van_central_fresh_water_segment_data,"202,222,230,242,243,243,243,243,243",2024-11-15T23:04:15.317Z
sensor.van_central_fresh_water_segment_data,"202,220,230,243,243,243,243,243,243",2024-11-15T23:04:30.316Z
sensor.van_central_fresh_water_segment_data,"202,222,230,242,243,243,243,243,243",2024-11-15T23:04:45.316Z
sensor.van_central_fresh_water_segment_data,"202,220,230,243,243,243,243,243,243",2024-11-15T23:05:00.316Z
sensor.van_central_fresh_water_segment_data,"202,222,230,242,243,243,243,243,243",2024-11-15T23:05:15.315Z
sensor.van_central_fresh_water_segment_data,"202,220,230,243,243,243,243,243,243",2024-11-15T23:05:30.316Z
sensor.van_central_fresh_water_segment_data,"202,222,230,242,243,243,243,243,243",2024-11-15T23:05:45.317Z
sensor.van_central_fresh_water_segment_data,"202,220,230,243,243,243,243,243,243",2024-11-15T23:07:00.320Z
sensor.van_central_fresh_water_segment_data,"202,222,230,242,243,243,243,243,243",2024-11-15T23:07:15.317Z
sensor.van_central_fresh_water_segment_data,"202,220,230,243,243,243,243,243,243",2024-11-15T23:09:00.325Z
sensor.van_central_fresh_water_segment_data,"202,222,230,242,243,243,243,243,243",2024-11-15T23:09:45.321Z
sensor.van_central_fresh_water_segment_data,"202,220,230,243,243,243,243,243,243",2024-11-15T23:10:00.320Z
sensor.van_central_fresh_water_segment_data,"202,222,230,242,243,243,243,243,243",2024-11-15T23:10:30.320Z
sensor.van_central_fresh_water_segment_data,"202,220,230,243,243,243,243,243,243",2024-11-15T23:10:45.320Z
